{
  "sample_size": 300,
  "top_k": 1,
  "intent_match_rate": 0.9766666666666667,
  "avg_bleu": 0.17618188517146757,
  "avg_rouge1": 0.5217230677870468,
  "avg_rouge2": 0.23870546012188223,
  "avg_rougeL": 0.35024301799196533
}